"Mixture"	"Cyt"
"TCGA-3L-AA1B-01A-11R-A37K-07"	4.59388168621942
"TCGA-4N-A93T-01A-11R-A37K-07"	2.41541128127937
"TCGA-4T-AA8H-01A-11R-A41B-07"	2.3379843084643
"TCGA-5M-AAT4-01A-11R-A41B-07"	3.00285719754708
"TCGA-5M-AAT5-01A-21R-A41B-07"	2.83070842087638
"TCGA-5M-AAT6-01A-11R-A41B-07"	35.5006070256921
"TCGA-5M-AATA-01A-31R-A41B-07"	11.7531617830512
"TCGA-5M-AATE-01A-11R-A41B-07"	4.31581687814222
"TCGA-A6-2671-01A-01R-1410-07"	7.8734247577335
"TCGA-A6-2671-11A-01R-A32Z-07"	25.8481215033345
"TCGA-A6-2672-01A-01R-0826-07"	67.7275804470417
"TCGA-A6-2672-01B-03R-2302-07"	25.9024961446787
"TCGA-A6-2674-01A-02R-0821-07"	24.8987956460788
"TCGA-A6-2674-01A-02R-A278-07"	11.5003444091626
"TCGA-A6-2674-01B-04R-A277-07"	7.55715157942119
"TCGA-A6-2675-01A-02R-1723-07"	17.3803913388711
"TCGA-A6-2675-11A-01R-1723-07"	8.7429383035282
"TCGA-A6-2676-01A-01R-0826-07"	89.7230573789712
"TCGA-A6-2677-01A-01R-0821-07"	3.85542161951553
"TCGA-A6-2677-01B-02R-A277-07"	1.93609110440106
"TCGA-A6-2678-01A-01R-0821-07"	22.7998604309759
"TCGA-A6-2678-11A-01R-A32Z-07"	12.2691609577383
"TCGA-A6-2679-01A-02R-1410-07"	21.4798416482209
"TCGA-A6-2679-11A-01R-A32Z-07"	75.7322475084851
"TCGA-A6-2680-01A-01R-1410-07"	7.3726067461267
"TCGA-A6-2680-11A-01R-A32Z-07"	29.2058863370771
"TCGA-A6-2681-01A-01R-1410-07"	9.44413500873645
"TCGA-A6-2682-01A-01R-1410-07"	9.01970911442394
"TCGA-A6-2682-11A-01R-A32Z-07"	14.1617721304995
"TCGA-A6-2683-01A-01R-0821-07"	0.685777313131517
"TCGA-A6-2683-11A-01R-A32Z-07"	16.3320052737773
"TCGA-A6-2684-01A-01R-1410-07"	8.79384757720496
"TCGA-A6-2684-01A-01R-A278-07"	5.67099732932328
"TCGA-A6-2684-01C-08R-A277-07"	4.99742634720775
"TCGA-A6-2684-11A-01R-A32Z-07"	29.3804118600822
"TCGA-A6-2685-01A-01R-1410-07"	9.10116327420505
"TCGA-A6-2685-11A-01R-A32Z-07"	44.7040438047932
"TCGA-A6-2686-01A-01R-A32Z-07"	56.6289615827695
"TCGA-A6-2686-11A-01R-A32Z-07"	25.6921521574051
"TCGA-A6-3807-01A-01R-1022-07"	13.6895060430664
"TCGA-A6-3808-01A-01R-1022-07"	13.2152444950216
"TCGA-A6-3809-01A-01R-1022-07"	47.5818613600449
"TCGA-A6-3809-01A-01R-A278-07"	27.0241141198557
"TCGA-A6-3809-01B-04R-A277-07"	23.1685915106515
"TCGA-A6-3810-01A-01R-1022-07"	15.2137703691049
"TCGA-A6-3810-01A-01R-A278-07"	6.36015715186704
"TCGA-A6-3810-01B-04R-A277-07"	7.67100614009645
"TCGA-A6-4105-01A-02R-1774-07"	33.9706137837501
"TCGA-A6-4107-01A-02R-1410-07"	4.46552284317655
"TCGA-A6-5656-01A-21R-1839-07"	2.50692094622953
"TCGA-A6-5656-01A-21R-A278-07"	1.79237306945216
"TCGA-A6-5656-01B-02R-A277-07"	6.65556527634635
"TCGA-A6-5657-01A-01R-A32Z-07"	11.5664855797727
"TCGA-A6-5659-01A-01R-1653-07"	5.61989059501734
"TCGA-A6-5659-01A-01R-A278-07"	2.40546064974753
"TCGA-A6-5659-01B-04R-A277-07"	0.977841883346228
"TCGA-A6-5659-11A-01R-1653-07"	16.4053838424289
"TCGA-A6-5660-01A-01R-1653-07"	5.78185517731548
"TCGA-A6-5661-01A-01R-1653-07"	11.4931398295726
"TCGA-A6-5661-01B-05R-2302-07"	21.5181685385584
"TCGA-A6-5662-01A-01R-1653-07"	4.33802468092983
"TCGA-A6-5662-11A-01R-1653-07"	18.5535640244636
"TCGA-A6-5664-01A-21R-1839-07"	24.4923419831435
"TCGA-A6-5665-01A-01R-1653-07"	38.0251561027787
"TCGA-A6-5665-01B-03R-2302-07"	16.2924885591131
"TCGA-A6-5665-11A-01R-1653-07"	16.5805569171196
"TCGA-A6-5666-01A-01R-1653-07"	4.21351407981322
"TCGA-A6-5667-01A-21R-1723-07"	4.38389363273582
"TCGA-A6-5667-11A-01R-1723-07"	13.7473329975406
"TCGA-A6-6137-01A-11R-1774-07"	8.8494177416772
"TCGA-A6-6138-01A-11R-1774-07"	43.2492098529477
"TCGA-A6-6140-01A-11R-1774-07"	21.1326401822245
"TCGA-A6-6141-01A-11R-1774-07"	20.7005852146761
"TCGA-A6-6142-01A-11R-1774-07"	21.8870125607348
"TCGA-A6-6648-01A-11R-1774-07"	10.111101827193
"TCGA-A6-6649-01A-11R-1774-07"	12.9973935654971
"TCGA-A6-6650-01A-11R-1774-07"	3.67973835308427
"TCGA-A6-6650-01A-11R-A278-07"	2.69684136540759
"TCGA-A6-6650-01B-02R-A277-07"	2.86640867363088
"TCGA-A6-6651-01A-21R-1839-07"	20.6458790292967
"TCGA-A6-6652-01A-11R-1774-07"	5.10726166675168
"TCGA-A6-6653-01A-11R-1774-07"	26.4405132530538
"TCGA-A6-6654-01A-21R-1839-07"	28.6163159877655
"TCGA-A6-6780-01A-11R-1839-07"	73.4855141896148
"TCGA-A6-6780-01A-11R-A278-07"	47.4749183939414
"TCGA-A6-6780-01B-04R-A277-07"	23.611674761694
"TCGA-A6-6781-01A-22R-1928-07"	51.1328602459987
"TCGA-A6-6781-01A-22R-A278-07"	29.3673304403021
"TCGA-A6-6781-01B-06R-A277-07"	14.9978325298802
"TCGA-A6-6782-01A-11R-1839-07"	23.4195081343214
"TCGA-A6-A565-01A-31R-A28H-07"	26.5552083166209
"TCGA-A6-A566-01A-11R-A28H-07"	42.9885185499254
"TCGA-A6-A567-01A-31R-A28H-07"	4.94625499499559
"TCGA-A6-A56B-01A-31R-A28H-07"	2.72393276166502
"TCGA-A6-A5ZU-01A-11R-A28H-07"	27.8954231605173
"TCGA-AA-3488-01A-01R-1410-07"	5.83877430156853
"TCGA-AA-3489-01A-21R-1839-07"	36.2876828629832
"TCGA-AA-3489-11A-01R-1839-07"	43.255567307721
"TCGA-AA-3492-01A-01R-1410-07"	26.5416537277539
"TCGA-AA-3494-01A-01R-1410-07"	8.10149038516292
"TCGA-AA-3495-01A-01R-1410-07"	13.5542406617373
"TCGA-AA-3496-01A-21R-1839-07"	21.1119585243764
"TCGA-AA-3496-11A-01R-1839-07"	20.3406254050114
"TCGA-AA-3502-01A-01R-1410-07"	7.16002938081912
"TCGA-AA-3506-01A-01R-1410-07"	13.4636495725729
"TCGA-AA-3509-01A-01R-1410-07"	11.9169849051836
"TCGA-AA-3510-01A-01R-1410-07"	16.2684780011616
"TCGA-AA-3511-01A-21R-1839-07"	8.47949990164442
"TCGA-AA-3511-11A-01R-1839-07"	17.9690965459762
"TCGA-AA-3514-01A-02R-0821-07"	3.30493447966775
"TCGA-AA-3514-11A-01R-A32Z-07"	163.329113962548
"TCGA-AA-3516-01A-02R-0826-07"	21.5124182568067
"TCGA-AA-3516-11A-01R-A32Z-07"	46.3604276190112
"TCGA-AA-3517-01A-01R-0821-07"	16.79561957273
"TCGA-AA-3517-11A-01R-A32Z-07"	34.7842997074937
"TCGA-AA-3518-01A-02R-0826-07"	31.117391691766
"TCGA-AA-3518-11A-01R-1672-07"	27.3222825612989
"TCGA-AA-3519-01A-02R-0821-07"	5.14582909650645
"TCGA-AA-3520-01A-01R-0821-07"	6.45327759770044
"TCGA-AA-3520-11A-01R-A32Z-07"	19.9224089500385
"TCGA-AA-3521-01A-01R-0821-07"	7.01077065286383
"TCGA-AA-3522-01A-01R-0821-07"	6.80063210384917
"TCGA-AA-3522-11A-01R-A32Z-07"	21.0122682637428
"TCGA-AA-3524-01A-02R-0821-07"	21.2304015714114
"TCGA-AA-3525-01A-02R-0826-07"	12.0212869551466
"TCGA-AA-3525-11A-01R-A32Z-07"	43.775591869332
"TCGA-AA-3526-01A-02R-A32Z-07"	17.7987552415415
"TCGA-AA-3527-01A-01R-0821-07"	6.93457470047942
"TCGA-AA-3527-11A-01R-A32Z-07"	36.6733683424476
"TCGA-AA-3529-01A-02R-0821-07"	6.14351354690027
"TCGA-AA-3530-01A-01R-1022-07"	9.57008487297204
"TCGA-AA-3531-01A-01R-0821-07"	4.28353916465333
"TCGA-AA-3531-11A-01R-A32Z-07"	26.7403750511931
"TCGA-AA-3532-01A-01R-0821-07"	21.1957829358103
"TCGA-AA-3534-01A-01R-0821-07"	6.46531342231924
"TCGA-AA-3534-11A-01R-A32Z-07"	21.2495873568154
"TCGA-AA-3538-01A-01R-0821-07"	6.91608707906643
"TCGA-AA-3542-01A-02R-1873-07"	2.05734566038548
"TCGA-AA-3543-01A-01R-0826-07"	46.0517318429389
"TCGA-AA-3544-01A-01R-1873-07"	38.221787234499
"TCGA-AA-3548-01A-01R-1873-07"	11.6015275561614
"TCGA-AA-3549-01A-02R-0821-07"	13.6654781121127
"TCGA-AA-3552-01A-01R-0821-07"	12.9275961054483
"TCGA-AA-3553-01A-01R-0821-07"	30.9560991434468
"TCGA-AA-3554-01A-01R-0826-07"	16.9571994018462
"TCGA-AA-3555-01A-01R-0821-07"	11.9151844648934
"TCGA-AA-3556-01A-01R-0821-07"	19.3437470871012
"TCGA-AA-3560-01A-01R-0821-07"	8.95733176451364
"TCGA-AA-3561-01A-01R-0821-07"	4.78703648540766
"TCGA-AA-3562-01A-02R-0821-07"	7.51933246197492
"TCGA-AA-3655-01A-02R-1723-07"	8.56750937151849
"TCGA-AA-3655-11A-01R-1723-07"	32.0950049714396
"TCGA-AA-3660-01A-01R-1723-07"	15.7297067353291
"TCGA-AA-3660-11A-01R-1723-07"	44.3857657899694
"TCGA-AA-3662-01A-01R-1723-07"	45.0723202176409
"TCGA-AA-3662-11A-01R-1723-07"	26.5394098251978
"TCGA-AA-3663-01A-01R-1723-07"	9.02326494764343
"TCGA-AA-3663-11A-01R-1723-07"	14.7004696285068
"TCGA-AA-3664-01A-01R-0905-07"	15.3449746997605
"TCGA-AA-3666-01A-02R-0905-07"	13.8865710444114
"TCGA-AA-3667-01A-01R-0905-07"	8.68806474177639
"TCGA-AA-3672-01A-01R-0905-07"	34.7907993837273
"TCGA-AA-3673-01A-01R-0905-07"	9.34547820967098
"TCGA-AA-3675-01A-02R-0905-07"	3.72305428269878
"TCGA-AA-3678-01A-01R-0905-07"	15.3140203226083
"TCGA-AA-3679-01A-02R-0905-07"	31.5701131967603
"TCGA-AA-3680-01A-01R-0905-07"	12.5142664107848
"TCGA-AA-3681-01A-01R-0905-07"	24.0527548630641
"TCGA-AA-3684-01A-02R-0905-07"	12.6658356233353
"TCGA-AA-3685-01A-02R-A32Z-07"	18.6362507849663
"TCGA-AA-3688-01A-01R-0905-07"	7.50963765730506
"TCGA-AA-3692-01A-01R-0905-07"	7.05174876303031
"TCGA-AA-3693-01A-01R-0905-07"	10.2447105830575
"TCGA-AA-3696-01A-01R-0905-07"	2.58718834358906
"TCGA-AA-3697-01A-01R-1723-07"	12.3662451801209
"TCGA-AA-3697-11A-01R-1723-07"	23.5470198325573
"TCGA-AA-3710-01A-01R-1022-07"	81.9352651200252
"TCGA-AA-3712-01A-21R-1723-07"	15.5339923982805
"TCGA-AA-3712-11A-01R-1723-07"	16.8086120209871
"TCGA-AA-3713-01A-21R-1723-07"	49.3915752288279
"TCGA-AA-3713-11A-01R-1723-07"	29.621271529235
"TCGA-AA-3715-01A-01R-0905-07"	55.1134212366252
"TCGA-AA-3811-01A-01R-1022-07"	16.4242603414075
"TCGA-AA-3812-01A-01R-0905-07"	3.69968587433726
"TCGA-AA-3814-01A-01R-0905-07"	12.4150135191542
"TCGA-AA-3815-01A-01R-1022-07"	85.4995356759478
"TCGA-AA-3818-01A-01R-0905-07"	9.61188200670548
"TCGA-AA-3819-01A-01R-0905-07"	4.31659341231021
"TCGA-AA-3821-01A-01R-1022-07"	21.3561183259413
"TCGA-AA-3831-01A-01R-0905-07"	7.71706356548717
"TCGA-AA-3833-01A-01R-0905-07"	18.899884085677
"TCGA-AA-3837-01A-01R-0905-07"	7.06946874081609
"TCGA-AA-3841-01A-01R-0905-07"	16.0302100396307
"TCGA-AA-3842-01A-01R-1022-07"	10.5797528892226
"TCGA-AA-3844-01A-01R-1022-07"	18.739595249192
"TCGA-AA-3845-01A-01R-1022-07"	64.864291581801
"TCGA-AA-3846-01A-01R-1022-07"	25.8940716406405
"TCGA-AA-3848-01A-01R-0905-07"	4.79210734619417
"TCGA-AA-3850-01A-01R-1022-07"	8.70523842126105
"TCGA-AA-3851-01A-01R-1022-07"	7.37554477543446
"TCGA-AA-3852-01A-01R-0905-07"	10.3175090971969
"TCGA-AA-3854-01A-01R-0905-07"	5.61870910069112
"TCGA-AA-3855-01A-01R-1022-07"	15.7933562172198
"TCGA-AA-3856-01A-01R-0905-07"	20.1477203392908
"TCGA-AA-3858-01A-01R-0905-07"	6.84594708706314
"TCGA-AA-3860-01A-02R-0905-07"	15.3594143567553
"TCGA-AA-3861-01A-01R-1022-07"	8.89953319112849
"TCGA-AA-3862-01A-01R-1022-07"	20.1508179684518
"TCGA-AA-3864-01A-01R-1022-07"	12.9407576466725
"TCGA-AA-3866-01A-01R-1022-07"	22.9616809147063
"TCGA-AA-3867-01A-01R-1022-07"	5.74464859166223
"TCGA-AA-3869-01A-01R-1022-07"	17.7029621828633
"TCGA-AA-3870-01A-01R-1022-07"	27.2303861518767
"TCGA-AA-3872-01A-01R-1022-07"	11.2310036397215
"TCGA-AA-3875-01A-01R-0905-07"	16.3566572976461
"TCGA-AA-3877-01A-01R-1022-07"	23.3566793076862
"TCGA-AA-3930-01A-01R-1022-07"	29.0566120041466
"TCGA-AA-3939-01A-01R-1022-07"	6.39398118594784
"TCGA-AA-3941-01A-01R-1022-07"	11.5138759181768
"TCGA-AA-3947-01A-01R-1022-07"	12.6331455796082
"TCGA-AA-3949-01A-01R-1022-07"	149.559904850647
"TCGA-AA-3950-01A-02R-1022-07"	51.6891612180485
"TCGA-AA-3952-01A-01R-1022-07"	4.06279805459399
"TCGA-AA-3955-01A-02R-1022-07"	16.0660359170443
"TCGA-AA-3956-01A-02R-1022-07"	12.6591805908774
"TCGA-AA-3966-01A-01R-1113-07"	49.7062373795226
"TCGA-AA-3968-01A-01R-1022-07"	12.9010204964781
"TCGA-AA-3970-01A-01R-1022-07"	18.9375753445658
"TCGA-AA-3971-01A-01R-1022-07"	17.8247324062453
"TCGA-AA-3972-01A-01R-1022-07"	5.99273977559412
"TCGA-AA-3973-01A-01R-1022-07"	5.84919726111138
"TCGA-AA-3975-01A-01R-1022-07"	12.7538655359127
"TCGA-AA-3976-01A-01R-1022-07"	9.1296995159315
"TCGA-AA-3977-01A-01R-1022-07"	27.8854805615751
"TCGA-AA-3979-01A-01R-1022-07"	4.46043421022616
"TCGA-AA-3980-01A-02R-1022-07"	52.1033618895816
"TCGA-AA-3982-01A-02R-1022-07"	19.4424060388103
"TCGA-AA-3984-01A-02R-1022-07"	30.737227744283
"TCGA-AA-3986-01A-02R-1022-07"	19.9451582079765
"TCGA-AA-3989-01A-01R-1022-07"	17.295620394033
"TCGA-AA-3994-01A-01R-1113-07"	7.70238586263865
"TCGA-AA-A004-01A-01R-A00A-07"	28.7772916898957
"TCGA-AA-A00A-01A-01R-A002-07"	38.4837027212372
"TCGA-AA-A00D-01A-01R-A002-07"	65.6793484084343
"TCGA-AA-A00E-01A-01R-A002-07"	34.6586255498453
"TCGA-AA-A00F-01A-01R-A002-07"	10.8640842140988
"TCGA-AA-A00J-01A-02R-A002-07"	15.3694581693854
"TCGA-AA-A00K-01A-02R-A002-07"	8.83465463974737
"TCGA-AA-A00L-01A-01R-A002-07"	7.29639602313112
"TCGA-AA-A00N-01A-02R-A00A-07"	10.8034571725342
"TCGA-AA-A00O-01A-02R-A089-07"	22.4336323874346
"TCGA-AA-A00Q-01A-01R-A002-07"	6.97899996311514
"TCGA-AA-A00R-01A-01R-A002-07"	171.795402368044
"TCGA-AA-A00U-01A-01R-A002-07"	10.9850831259039
"TCGA-AA-A00W-01A-01R-A002-07"	7.15683577613801
"TCGA-AA-A00Z-01A-01R-A002-07"	6.11328136417765
"TCGA-AA-A010-01A-01R-A089-07"	22.9030626784718
"TCGA-AA-A017-01A-01R-A00A-07"	6.16835308892886
"TCGA-AA-A01C-01A-01R-A00A-07"	5.989299697618
"TCGA-AA-A01D-01A-01R-A00A-07"	8.38754407486133
"TCGA-AA-A01F-01A-01R-A002-07"	14.0763395838403
"TCGA-AA-A01G-01A-01R-A002-07"	15.6492909701342
"TCGA-AA-A01I-01A-02R-A089-07"	9.584186510719
"TCGA-AA-A01K-01A-01R-A00A-07"	13.1490389269979
"TCGA-AA-A01P-01A-21R-A083-07"	49.1703315152551
"TCGA-AA-A01Q-01A-01R-A002-07"	36.9598623641547
"TCGA-AA-A01R-01A-21R-A083-07"	41.81320003441
"TCGA-AA-A01S-01A-21R-A083-07"	0.832796627096556
"TCGA-AA-A01T-01A-21R-A16W-07"	3.68587234365558
"TCGA-AA-A01V-01A-23R-A083-07"	21.323700541435
"TCGA-AA-A01X-01A-21R-A083-07"	3.11516580675763
"TCGA-AA-A01Z-01A-11R-A083-07"	1.78752956912443
"TCGA-AA-A022-01A-21R-A16W-07"	68.0092332874991
"TCGA-AA-A024-01A-02R-A00A-07"	12.8644636262734
"TCGA-AA-A029-01A-01R-A00A-07"	7.00918562388189
"TCGA-AA-A02E-01A-01R-A00A-07"	11.2997109123274
"TCGA-AA-A02F-01A-01R-A089-07"	1.61624572085675
"TCGA-AA-A02H-01A-01R-A089-07"	5.6663670581803
"TCGA-AA-A02J-01A-01R-A00A-07"	2.23453537841038
"TCGA-AA-A02K-01A-03R-A32Y-07"	2.13564783397537
"TCGA-AA-A02O-01A-21R-A16W-07"	5.69212530815015
"TCGA-AA-A02R-01A-01R-A00A-07"	58.0907496658579
"TCGA-AA-A02W-01A-01R-A00A-07"	6.64663578366432
"TCGA-AA-A02Y-01A-43R-A32Y-07"	17.5985856563972
"TCGA-AA-A03F-01A-11R-A16W-07"	3.87894668317334
"TCGA-AA-A03J-01A-21R-A16W-07"	22.0797798077438
"TCGA-AD-5900-01A-11R-1653-07"	36.6395403013488
"TCGA-AD-6548-01A-11R-1839-07"	28.6890740455219
"TCGA-AD-6888-01A-11R-1928-07"	7.83637773991038
"TCGA-AD-6889-01A-11R-1928-07"	7.57979766389906
"TCGA-AD-6890-01A-11R-1928-07"	13.1475103483642
"TCGA-AD-6895-01A-11R-1928-07"	63.8205205729765
"TCGA-AD-6899-01A-11R-1928-07"	24.0654104230777
"TCGA-AD-6901-01A-11R-1928-07"	18.3327352940361
"TCGA-AD-6963-01A-11R-1928-07"	25.3153506229829
"TCGA-AD-6964-01A-11R-1928-07"	58.7240034513034
"TCGA-AD-6965-01A-11R-1928-07"	19.8796008509224
"TCGA-AD-A5EJ-01A-11R-A28H-07"	42.6047759723694
"TCGA-AD-A5EK-01A-11R-A28H-07"	10.0395536951787
"TCGA-AM-5820-01A-01R-1653-07"	2.78176953966356
"TCGA-AM-5821-01A-01R-1653-07"	51.4997283533974
"TCGA-AU-3779-01A-01R-1723-07"	9.50468316521184
"TCGA-AU-6004-01A-11R-1723-07"	22.6429641964948
"TCGA-AY-4070-01A-01R-1113-07"	9.55851548973371
"TCGA-AY-4071-01A-01R-1113-07"	25.0352511702892
"TCGA-AY-5543-01A-01R-1653-07"	11.6779013760967
"TCGA-AY-6196-01A-11R-1723-07"	52.7246045411934
"TCGA-AY-6197-01A-11R-1723-07"	17.4604358179637
"TCGA-AY-6386-01A-21R-1723-07"	8.76760832239825
"TCGA-AY-A54L-01A-11R-A28H-07"	5.0924791547799
"TCGA-AY-A69D-01A-11R-A37K-07"	4.0279991932897
"TCGA-AY-A71X-01A-12R-A37K-07"	2.49713748560063
"TCGA-AY-A8YK-01A-11R-A41B-07"	4.95258485981278
"TCGA-AZ-4308-01A-01R-1410-07"	5.35789246653699
"TCGA-AZ-4313-01A-01R-1410-07"	3.33586891609139
"TCGA-AZ-4315-01A-01R-1410-07"	16.2152585809161
"TCGA-AZ-4323-01A-21R-1839-07"	30.8679115112989
"TCGA-AZ-4614-01A-01R-1410-07"	12.0291403110946
"TCGA-AZ-4615-01A-01R-1410-07"	76.4631244725367
"TCGA-AZ-4616-01A-21R-1839-07"	22.5004882824978
"TCGA-AZ-4682-01B-01R-A32Z-07"	9.7980830265761
"TCGA-AZ-4684-01A-01R-1410-07"	14.1646245988535
"TCGA-AZ-5403-01A-01R-1653-07"	3.13545500320226
"TCGA-AZ-5407-01A-01R-1723-07"	12.907820840405
"TCGA-AZ-6598-01A-11R-1774-07"	71.661526518395
"TCGA-AZ-6598-11A-01R-1774-07"	25.3225006624196
"TCGA-AZ-6599-01A-11R-1774-07"	7.90676820305735
"TCGA-AZ-6599-11A-01R-1774-07"	28.7703991464134
"TCGA-AZ-6600-01A-11R-1774-07"	8.71384169209688
"TCGA-AZ-6600-11A-01R-1774-07"	16.9241535681165
"TCGA-AZ-6601-01A-11R-1774-07"	40.0417070419111
"TCGA-AZ-6601-11A-01R-1774-07"	23.4567658952058
"TCGA-AZ-6603-01A-11R-1839-07"	13.8885479474917
"TCGA-AZ-6603-11A-02R-1839-07"	49.4147042525575
"TCGA-AZ-6605-01A-11R-1839-07"	14.5046561962813
"TCGA-AZ-6605-11A-01R-1839-07"	5.79098190966886
"TCGA-AZ-6606-01A-11R-1839-07"	10.9319772517937
"TCGA-AZ-6607-01A-11R-1839-07"	31.1957249139315
"TCGA-AZ-6608-01A-11R-1839-07"	3.27363748495952
"TCGA-CA-5254-01A-21R-1839-07"	5.68252300530696
"TCGA-CA-5255-01A-11R-1839-07"	2.32288787193901
"TCGA-CA-5256-01A-01R-1410-07"	11.0188585207106
"TCGA-CA-5796-01A-01R-1653-07"	14.2303720395288
"TCGA-CA-5797-01A-01R-1653-07"	11.1503956327301
"TCGA-CA-6715-01A-21R-1839-07"	6.19068310245641
"TCGA-CA-6716-01A-11R-1839-07"	1.35515829838596
"TCGA-CA-6717-01A-11R-1839-07"	23.3213768250649
"TCGA-CA-6718-01A-11R-1839-07"	120.902242272489
"TCGA-CA-6719-01A-11R-1839-07"	10.6594849292714
"TCGA-CK-4947-01B-11R-1653-07"	19.3038565813945
"TCGA-CK-4948-01B-11R-1653-07"	5.8681529878525
"TCGA-CK-4950-01A-01R-1723-07"	27.4770096889942
"TCGA-CK-4951-01A-01R-1410-07"	50.3407080395555
"TCGA-CK-4952-01A-01R-1723-07"	5.5142123426215
"TCGA-CK-5912-01A-11R-1653-07"	4.33144209608378
"TCGA-CK-5913-01A-11R-1653-07"	37.9552727133379
"TCGA-CK-5914-01A-11R-1653-07"	22.552468934815
"TCGA-CK-5915-01A-11R-1653-07"	0.719147296289074
"TCGA-CK-5916-01A-11R-1653-07"	124.302782510033
"TCGA-CK-6746-01A-11R-1839-07"	53.1703186186327
"TCGA-CK-6747-01A-11R-1839-07"	9.06289865885288
"TCGA-CK-6748-01A-11R-1839-07"	8.44771419519586
"TCGA-CK-6751-01A-11R-1839-07"	12.9706171047164
"TCGA-CM-4743-01A-01R-1723-07"	42.0781284843289
"TCGA-CM-4744-01A-01R-A32Z-07"	27.1738556904792
"TCGA-CM-4746-01A-01R-1410-07"	12.0004425810078
"TCGA-CM-4747-01A-01R-1410-07"	2.54532703200516
"TCGA-CM-4748-01A-01R-1410-07"	6.80679458199891
"TCGA-CM-4750-01A-01R-1410-07"	9.57882591367345
"TCGA-CM-4751-01A-02R-1839-07"	27.3328579998855
"TCGA-CM-4752-01A-01R-1410-07"	17.6493747651862
"TCGA-CM-5341-01A-01R-1410-07"	11.4364306673726
"TCGA-CM-5344-01A-21R-1723-07"	6.16831215042195
"TCGA-CM-5348-01A-21R-1723-07"	14.8020779436218
"TCGA-CM-5349-01A-21R-1723-07"	4.90878655519125
"TCGA-CM-5860-01A-01R-1653-07"	7.06812574025433
"TCGA-CM-5861-01A-01R-1653-07"	9.46857995379719
"TCGA-CM-5862-01A-01R-1653-07"	5.62885750059807
"TCGA-CM-5863-01A-21R-1839-07"	6.70847964860182
"TCGA-CM-5864-01A-01R-1653-07"	14.8051206613598
"TCGA-CM-5868-01A-01R-1653-07"	4.39917288837805
"TCGA-CM-6161-01A-11R-1653-07"	22.1950731802513
"TCGA-CM-6162-01A-11R-1653-07"	28.8622779886524
"TCGA-CM-6163-01A-11R-1653-07"	16.1006124338917
"TCGA-CM-6164-01A-11R-1653-07"	14.5541757919705
"TCGA-CM-6165-01A-11R-1653-07"	9.1672571665369
"TCGA-CM-6166-01A-11R-1653-07"	2.80048927259745
"TCGA-CM-6167-01A-11R-1653-07"	15.2716625217777
"TCGA-CM-6168-01A-11R-1653-07"	8.94202065740071
"TCGA-CM-6169-01A-11R-1653-07"	36.9752301643525
"TCGA-CM-6170-01A-11R-1653-07"	7.29484390665335
"TCGA-CM-6171-01A-11R-1653-07"	12.816754501512
"TCGA-CM-6172-01A-11R-1653-07"	5.48696891770452
"TCGA-CM-6674-01A-11R-1839-07"	23.2012920475356
"TCGA-CM-6675-01A-11R-1839-07"	11.1704069146496
"TCGA-CM-6676-01A-11R-1839-07"	4.48469271004262
"TCGA-CM-6677-01A-11R-1839-07"	11.906009278719
"TCGA-CM-6678-01A-11R-1839-07"	4.05342857499688
"TCGA-CM-6679-01A-11R-1839-07"	7.33887925812204
"TCGA-CM-6680-01A-11R-1839-07"	15.382834573243
"TCGA-D5-5537-01A-21R-1928-07"	3.13971578769079
"TCGA-D5-5538-01A-01R-1653-07"	13.2572481396734
"TCGA-D5-5539-01A-01R-1653-07"	4.72624603899249
"TCGA-D5-5540-01A-01R-1653-07"	11.0552202554859
"TCGA-D5-5541-01A-01R-1653-07"	14.3423251232156
"TCGA-D5-6529-01A-11R-1774-07"	14.6858798827405
"TCGA-D5-6530-01A-11R-1723-07"	69.6151988628522
"TCGA-D5-6531-01A-11R-1723-07"	20.9163305848473
"TCGA-D5-6532-01A-11R-1723-07"	4.16723066194398
"TCGA-D5-6533-01A-11R-1723-07"	8.31106446398386
"TCGA-D5-6534-01A-21R-1928-07"	25.9165545000962
"TCGA-D5-6535-01A-11R-1723-07"	10.2945239516008
"TCGA-D5-6536-01A-11R-1723-07"	5.30497006676487
"TCGA-D5-6537-01A-11R-1723-07"	8.95700958522559
"TCGA-D5-6538-01A-11R-1723-07"	1.81521570369594
"TCGA-D5-6539-01A-11R-1723-07"	14.5318588139926
"TCGA-D5-6540-01A-11R-1723-07"	22.0628075591941
"TCGA-D5-6541-01A-11R-1723-07"	14.1392327709423
"TCGA-D5-6898-01A-11R-1928-07"	6.6130407455867
"TCGA-D5-6920-01A-11R-1928-07"	19.0738910727979
"TCGA-D5-6922-01A-11R-1928-07"	11.1798029809431
"TCGA-D5-6923-01A-11R-A32Z-07"	4.98468014365686
"TCGA-D5-6924-01A-11R-1928-07"	18.6448674079448
"TCGA-D5-6926-01A-11R-1928-07"	11.2638770720674
"TCGA-D5-6927-01A-21R-1928-07"	33.8802161577323
"TCGA-D5-6928-01A-11R-1928-07"	139.023637186055
"TCGA-D5-6929-01A-31R-1928-07"	11.4367968270726
"TCGA-D5-6930-01A-11R-1928-07"	38.0270729103667
"TCGA-D5-6931-01A-11R-1928-07"	18.5013130598144
"TCGA-D5-6932-01A-11R-1928-07"	9.44819993534037
"TCGA-D5-7000-01A-11R-A32Z-07"	12.6551528995745
"TCGA-DM-A0X9-01A-11R-A155-07"	15.9224050866606
"TCGA-DM-A0XD-01A-12R-A155-07"	8.77811344050852
"TCGA-DM-A0XF-01A-11R-A155-07"	11.0855816085055
"TCGA-DM-A1D0-01A-11R-A155-07"	3.88481592475543
"TCGA-DM-A1D4-01A-21R-A155-07"	8.14302769990838
"TCGA-DM-A1D6-01A-21R-A155-07"	1.13259293940899
"TCGA-DM-A1D7-01A-11R-A155-07"	7.7514094223345
"TCGA-DM-A1D8-01A-11R-A155-07"	9.73823532623156
"TCGA-DM-A1D9-01A-11R-A155-07"	3.83988044105033
"TCGA-DM-A1DA-01A-11R-A155-07"	6.23846065364838
"TCGA-DM-A1DB-01A-11R-A155-07"	12.2451710556201
"TCGA-DM-A1HA-01A-11R-A155-07"	9.28280481435283
"TCGA-DM-A1HB-01A-21R-A180-07"	2.85843981392969
"TCGA-DM-A280-01A-12R-A16W-07"	3.49531485533471
"TCGA-DM-A282-01A-12R-A16W-07"	2.15417133592473
"TCGA-DM-A285-01A-11R-A16W-07"	1.20573677801452
"TCGA-DM-A288-01A-11R-A16W-07"	0.738021538732757
"TCGA-DM-A28A-01A-21R-A32Y-07"	7.55433746151806
"TCGA-DM-A28C-01A-11R-A32Y-07"	1.42787184798015
"TCGA-DM-A28E-01A-11R-A32Y-07"	2.42656814619678
"TCGA-DM-A28F-01A-11R-A32Y-07"	5.84974221533452
"TCGA-DM-A28G-01A-11R-A16W-07"	7.45615701140382
"TCGA-DM-A28H-01A-11R-A16W-07"	1.64732616438216
"TCGA-DM-A28K-01A-21R-A32Y-07"	3.39732286369433
"TCGA-DM-A28M-01A-12R-A16W-07"	3.97653602767222
"TCGA-F4-6459-01A-11R-1774-07"	7.78477235772648
"TCGA-F4-6460-01A-11R-1774-07"	12.2073323994258
"TCGA-F4-6461-01A-11R-1774-07"	6.64769691902964
"TCGA-F4-6463-01A-11R-1723-07"	18.6925838828199
"TCGA-F4-6569-01A-11R-1774-07"	19.3662933338802
"TCGA-F4-6570-01A-11R-1774-07"	65.9527946328317
"TCGA-F4-6703-01A-11R-1839-07"	62.0715896447561
"TCGA-F4-6704-01A-11R-1839-07"	14.0328813564352
"TCGA-F4-6704-11A-01R-1839-07"	10.8794677792144
"TCGA-F4-6805-01A-11R-1839-07"	12.2628809157979
"TCGA-F4-6806-01A-11R-1839-07"	8.64600430829163
"TCGA-F4-6807-01A-11R-1839-07"	31.0289125558778
"TCGA-F4-6808-01A-11R-1839-07"	3.95060291493368
"TCGA-F4-6809-01A-11R-1839-07"	9.61414920749545
"TCGA-F4-6854-01A-11R-1928-07"	16.3888340635377
"TCGA-F4-6855-01A-11R-1928-07"	8.95984722403608
"TCGA-F4-6856-01A-11R-1928-07"	13.485896985565
"TCGA-G4-6293-01A-11R-1723-07"	24.8974157664049
"TCGA-G4-6294-01A-11R-1774-07"	4.59221559083124
"TCGA-G4-6295-01A-11R-1723-07"	47.6069303223081
"TCGA-G4-6297-01A-11R-1723-07"	20.652327190142
"TCGA-G4-6298-01A-11R-1723-07"	1.54679147130712
"TCGA-G4-6299-01A-11R-1774-07"	55.9871326591716
"TCGA-G4-6302-01A-11R-1723-07"	16.3794906128784
"TCGA-G4-6303-01A-11R-1774-07"	5.86389763125849
"TCGA-G4-6304-01A-11R-1928-07"	13.7757670517202
"TCGA-G4-6306-01A-11R-1774-07"	18.9628000811912
"TCGA-G4-6307-01A-11R-1723-07"	1.3996147854611
"TCGA-G4-6309-01A-21R-1839-07"	13.8068935942679
"TCGA-G4-6310-01A-11R-1723-07"	0.934600279330092
"TCGA-G4-6311-01A-11R-1723-07"	4.12396190337324
"TCGA-G4-6314-01A-11R-1723-07"	7.04977728071627
"TCGA-G4-6315-01A-11R-1723-07"	8.33291776490884
"TCGA-G4-6317-01A-11R-1723-07"	4.26263134288792
"TCGA-G4-6317-02A-11R-2066-07"	0.733156182381325
"TCGA-G4-6320-01A-11R-1723-07"	9.55575834721376
"TCGA-G4-6321-01A-11R-1723-07"	39.3130180849124
"TCGA-G4-6322-01A-11R-1723-07"	10.9638209845272
"TCGA-G4-6323-01A-11R-1723-07"	8.18107724300624
"TCGA-G4-6586-01A-11R-1774-07"	71.4754734956926
"TCGA-G4-6588-01A-11R-1774-07"	16.8692403276922
"TCGA-G4-6625-01A-21R-1774-07"	35.9693663233467
"TCGA-G4-6626-01A-11R-1774-07"	8.02265284873598
"TCGA-G4-6627-01A-11R-1774-07"	30.4234080765482
"TCGA-G4-6628-01A-11R-1839-07"	107.320397610114
"TCGA-NH-A50T-01A-11R-A28H-07"	2.03312175517066
"TCGA-NH-A50U-01A-33R-A37K-07"	3.00257577098431
"TCGA-NH-A50V-01A-11R-A28H-07"	11.0272841479924
"TCGA-NH-A5IV-01A-42R-A37K-07"	70.4730471846043
"TCGA-NH-A6GA-01A-11R-A37K-07"	8.68494355227902
"TCGA-NH-A6GB-01A-11R-A37K-07"	50.4297604685813
"TCGA-NH-A6GC-01A-12R-A41B-07"	6.38631115665958
"TCGA-NH-A8F7-01A-11R-A41B-07"	2.19104527080083
"TCGA-NH-A8F7-06A-31R-A41B-07"	0.731391948325612
"TCGA-NH-A8F8-01A-72R-A41B-07"	5.42157731094277
"TCGA-QG-A5YV-01A-11R-A28H-07"	7.11615346537086
"TCGA-QG-A5YW-01A-11R-A28H-07"	11.3777091823517
"TCGA-QG-A5YX-01A-11R-A28H-07"	2.54731157855193
"TCGA-QG-A5Z1-01A-11R-A28H-07"	2.48992873723475
"TCGA-QG-A5Z2-01A-11R-A28H-07"	23.9733259266814
"TCGA-QL-A97D-01A-12R-A41B-07"	22.1820101717782
"TCGA-RU-A8FL-01A-11R-A37K-07"	2.0247536570353
"TCGA-SS-A7HO-01A-21R-A37K-07"	6.20743329019792
"TCGA-T9-A92H-01A-11R-A37K-07"	6.64593354480557
"TCGA-WS-AB45-01A-11R-A41B-07"	39.8132714033197
